name,type,x_board,y_board,width,height,rotation,id,parent_id,children_count,media_record_ids
BACKGROUND interior bunker infinite,rect,-2361.0,-142.0,5667,3542,0,55d6c4c7-509f-8041-8008-be0a311b2f6f,55d6c4c7-509f-8041-8008-be074e0e2575,0,19c47d73-0a5d-8067-8008-be0a30afeae1
mapHB,rect,1874.0,-90.0,1351,1117,0,55d6c4c7-509f-8041-8008-be5a2ba364da,5fd77753-6b24-80f6-8008-c0c1b6ba76f4,0,7eed092c-bad6-802e-8008-be5a2a28677e
HMA base texts and mass,group,1874.0,-90.0,1350.9999999999995,1117,0,5fd77753-6b24-80f6-8008-c0c1b6ba76f4,55d6c4c7-509f-8041-8008-be074e0e2575,6,
Forestcutout Text La Chasse,group,152.0,-40.0,1328,1741,0,5fd77753-6b24-80f6-8008-c0b43fb2ae28,55d6c4c7-509f-8041-8008-be074e0e2575,2,
mask foresttrial,rect,152.0,-40.0,1232,1741,0,55d6c4c7-509f-8041-8008-be2a2163a013,5fd77753-6b24-80f6-8008-c0b43fb2ae28,0,71b39894-c9c5-81cd-8008-be2a20da9888
Airpland_Archive data Airplane,group,956.0,40.0,307,289,0,5fd77753-6b24-80f6-8008-c0b7d5e0a781,55d6c4c7-509f-8041-8008-be074e0e2575,2,
Monochrome Airplane Silhouette with OO-SIB Markings,rect,980.4708829894878,54.59048902949769,201,101.00000000000006,351.3188442100874,ecd800e3-6a1f-8064-8008-bfe9c4c64993,5fd77753-6b24-80f6-8008-c0b7d5e0a781,0,91396aad-60c8-808b-8008-bfe9c457d45b
Concrete Runway_Rockstext_titleconcrete_legend Constant mapping,group,1057.0,100.0,670.0000000000005,569.3750984765184,0,5fd77753-6b24-80f6-8008-c0b7999ee854,55d6c4c7-509f-8041-8008-be074e0e2575,4,
"High Mountains Archive began with a real extraction site in the Anterp Campine in Belgium called Hoge Bergen — “High Mountains” — where there are no mountains, but deep clay pits.",text,2274.0,119.0,454.99999999999955,177.00000000000006,0,cffa90e9-e4a2-8051-8008-be886b1d1326,5fd77753-6b24-80f6-8008-c0c1b6ba76f4,0,
runwayrock,rect,1113.3514148206543,171.68754923825918,505,426,340.63063812369694,55d6c4c7-509f-8041-8008-be143a6b2cf1,5fd77753-6b24-80f6-8008-c0b7999ee854,0,71b39894-c9c5-81cd-8008-be14396a085b
R,text,32.0,172.0,38,58.00000000000006,0,ecd800e3-6a1f-8064-8008-bff60aa12a09,5fd77753-6b24-80f6-8008-c0b3ef724aa9,0,
R arrow R bodies of errr PMformula,group,32.0,172.0,417,134,0,5fd77753-6b24-80f6-8008-c0b3ef724aa9,55d6c4c7-509f-8041-8008-be074e0e2575,5,
R,text,139.0,172.0,38,58.00000000000006,0,ecd800e3-6a1f-8064-8008-bff65252ef0d,5fd77753-6b24-80f6-8008-c0b3ef724aa9,0,
"OO-SIB
Cessna 172
Belgian registration  
ARCHIVE DATE   1965
ARCHIVE REF.   1886",text,956.0,185.0,307,144,0,ecd800e3-6a1f-8064-8008-bfea42fc374c,5fd77753-6b24-80f6-8008-c0b7d5e0a781,0,
HMA,text,1959.0,201.0,285,132,0,cffa90e9-e4a2-8051-8008-be87d35b875a,5fd77753-6b24-80f6-8008-c0c1b6ba76f4,0,
bodies of errr,text,173.0,227.0,213,44,0,ecd800e3-6a1f-8064-8008-bff6d8b250d4,5fd77753-6b24-80f6-8008-c0b3ef724aa9,0,
Minimal Concentric Circle Target,rect,1574.9999999999995,252.99999999999994,1478.9999999999995,1439,0,55d6c4c7-509f-8041-8008-be21085020fb,5fd77753-6b24-80f6-8008-c0bffd4f6583,0,71b39894-c9c5-81cd-8008-be2107f9a322
Tiny Infiltration_Concentric circkles,group,1575.0,253.0,1479,1439,0,5fd77753-6b24-80f6-8008-c0bffd4f6583,55d6c4c7-509f-8041-8008-be074e0e2575,3,
Elephant and text and concrete glone,group,-18.0,280.0,590.2262352476832,510.5714303924601,0,5fd77753-6b24-80f6-8008-c0c345d865b9,55d6c4c7-509f-8041-8008-be074e0e2575,2,
Lead carving_text elephant,group,-18.0,280.0,453.7432315060321,510.5714303924601,0,5fd77753-6b24-80f6-8008-c0b73703f6c7,5fd77753-6b24-80f6-8008-c0c345d865b9,2,
PM₁₀ [Pb · Cd · Zn · Cu · As · Ni · …],text,316.0,296.0,133,10,0,12921d5c-a2af-80fc-8008-bf8cd708c672,5fd77753-6b24-80f6-8008-c0b3ef724aa9,0,
glove,rect,42.371615753016044,322.78571519623017,333,424.9999999999999,340.8985047859145,55d6c4c7-509f-8041-8008-be078c85725f,5fd77753-6b24-80f6-8008-c0b73703f6c7,0,19c47d73-0a5d-8067-8008-be078c52e1a9
Iridescent Plastic-Wrapped Concrete Boulderlight,rect,450.1131176238416,325.080197593956,122,172,359.9246024364502,55d6c4c7-509f-8041-8008-be150e0ad451,5fd77753-6b24-80f6-8008-c0c345d865b9,0,71b39894-c9c5-81cd-8008-be150d937f77
"HMA develops through partial encounters with materials, traces, histories and transformations. Rather than documenting or representing a place, it follows relations between industrial processes, histories of extraction and power, living and geological processes, and the different",text,2181.0,411.0,350,113,0,cffa90e9-e4a2-8051-8008-be88c6fb9855,5fd77753-6b24-80f6-8008-c0c1b6ba76f4,0,
Material Samples Constant and legends,group,2320.0,456.0,882,660,0,5fd77753-6b24-80f6-8008-c0c199302e9c,55d6c4c7-509f-8041-8008-be074e0e2575,3,
Lacy Botanical Pods and Fibers,rect,2320.0,456.0,880,660,0,55d6c4c7-509f-8041-8008-be600746ab3e,5fd77753-6b24-80f6-8008-c0c199302e9c,0,3e981c57-46d6-803d-8008-be6006b52bc7
former runway strip,text,2677.0,495.0,146,17,0,12921d5c-a2af-80fc-8008-bf8082610f42,5fd77753-6b24-80f6-8008-c0c1b6ba76f4,0,
svg-tspan,svg-raw,1219.8756342592842,508.79356727696756,359.9999999999998,85.99999999999977,340.06558258264454,ecd800e3-6a1f-8064-8008-bfea9bacd84d,ecd800e3-6a1f-8064-8008-bfea9bacac94,0,
svg-text,svg-raw,1219.8756342592842,508.79356727696756,359.9999999999998,85.99999999999977,340.06558258264454,ecd800e3-6a1f-8064-8008-bfea9bacac94,ecd800e3-6a1f-8064-8008-bfea9baabad7,1,
base-background,rect,1219.8756342592842,508.79356727696756,359.9999999999998,85.99999999999977,340.06558258264454,ecd800e3-6a1f-8064-8008-bfea9baa6cd1,ecd800e3-6a1f-8064-8008-bfea9ba99f5c,0,
bitmap,group,1219.8756342592842,508.79356727696756,359.9999999999998,85.99999999999977,340.06558258264454,ecd800e3-6a1f-8064-8008-bfea9ba99f5c,5fd77753-6b24-80f6-8008-c0b7999ee854,2,
svg-g,group,1219.8756342592842,508.79356727696756,359.9999999999998,85.99999999999977,340.06558258264454,ecd800e3-6a1f-8064-8008-bfea9baabad7,ecd800e3-6a1f-8064-8008-bfea9ba99f5c,2,
Constant — collective mapping,text,1545.0,560.0,182,14,0,ecd800e3-6a1f-8064-8008-bfeb46bbf172,5fd77753-6b24-80f6-8008-c0b7999ee854,0,
HMA — piece of concrete from former runway,text,1417.0,613.0,310.00000000000045,29,0,55d6c4c7-509f-8041-8008-be861357632a,5fd77753-6b24-80f6-8008-c0b7999ee854,0,
"LEAD CARVING
elephant logo from transport box for taxidermied elephant
1958 World Exhibition, Brussels",text,10.0,665.0,241,53,0,12921d5c-a2af-80fc-8008-bf7ccd10323f,5fd77753-6b24-80f6-8008-c0b73703f6c7,0,
"CLAY BALLS
manual extraction / Ardennes
scenographic sample / Constant Study Day, 2025",text,2388.0,704.0,239,84,0,ecd800e3-6a1f-8064-8008-bff256eb867b,5fd77753-6b24-80f6-8008-c0c199302e9c,0,
DDD Bassenge and texts,group,1535.0,713.0,305,232,0,5fd77753-6b24-80f6-8008-c0c03b3e1bc5,55d6c4c7-509f-8041-8008-be074e0e2575,4,
Audiotour_night_activation,rect,1535.0,713.0,182,124,0,55d6c4c7-509f-8041-8008-be5bc5d499d4,5fd77753-6b24-80f6-8008-c0c03b3e1bc5,0,3e981c57-46d6-803d-8008-be5bc56fa1a2
"La Chasse — Field notes on a missing film
Film, 2'13"", 2026

Referencing an earlier film of uncertain status, La Chasse unsettles the hunt as a structure of pursuit and capture, while speculating on a form of objectivity that cannot be secured.
Screened at Level 5 Homescreen, 202",text,1271.0,734.0,209,144,0,ecd800e3-6a1f-8064-8008-bfef441b08e1,5fd77753-6b24-80f6-8008-c0b43fb2ae28,0,
"Down — Dwars — Delà Research Residency
in former stone quarry
Bassenge, Belgium, 
2021. ",text,1535.0,842.0,182,44,0,55d6c4c7-509f-8041-8008-be60c62883c2,5fd77753-6b24-80f6-8008-c0c03b3e1bc5,0,
Audiotour_residency_working,rect,1750.0,860.0,79,58,0,55d6c4c7-509f-8041-8008-be5e55712e0a,5fd77753-6b24-80f6-8008-c0c03b3e1bc5,0,3e981c57-46d6-803d-8008-be5e551706c8
"SHEEP FUR
evidence: Konik horse → sheep
Material sample/ 
Constant Study Day, 2025",text,2963.0,889.0,239,84,0,12921d5c-a2af-80fc-8008-bf7f2e762299,5fd77753-6b24-80f6-8008-c0c199302e9c,0,
"Writing Audiotour
Down_Dwars_Delà Research Residency
Bassenge, Belgium
Constant, 2011",text,1750.0,921.0,90,24,0,55d6c4c7-509f-8041-8008-be6049b5d0c9,5fd77753-6b24-80f6-8008-c0c03b3e1bc5,0,
Olivia_Joret_tiny_infiltration_Moving_Assembly,rect,2216.0,1009.0,355,253,0,55d6c4c7-509f-8041-8008-be083386f08f,5fd77753-6b24-80f6-8008-c0bffd4f6583,0,19c47d73-0a5d-8067-8008-be08322c7294
Compacities box glass and drawing,group,-679.0,1018.0,2828,1383,0,5fd77753-6b24-80f6-8008-c0c375d8bfd2,55d6c4c7-509f-8041-8008-be074e0e2575,4,
glass,rect,-3.0,1018.0,229,379,0,55d6c4c7-509f-8041-8008-be3e1a30d9bd,5fd77753-6b24-80f6-8008-c0c12c46371c,0,7eed092c-bad6-802e-8008-be3e1a0af826
RedGlass,group,-3.0,1018.0,361,379,0,5fd77753-6b24-80f6-8008-c0c12c46371c,5fd77753-6b24-80f6-8008-c0c375d8bfd2,3,
Bergehalde and text and backrgound text,group,762.0,1047.0,172,192,0,5fd77753-6b24-80f6-8008-c0c2f5d36592,55d6c4c7-509f-8041-8008-be074e0e2575,3,
"HMA — #3 BERGEHALDE, 
Call for Concepts
Wassergarten, Reden, Germany, 2026",text,765.0,1047.0,169,84,0,12921d5c-a2af-80fc-8008-bf7de7f0106b,5fd77753-6b24-80f6-8008-c0c2f5d36592,0,
Audiotour_Seeyou_texts,group,1305.0,1096.0,534,464,0,5fd77753-6b24-80f6-8008-c0b809236023,55d6c4c7-509f-8041-8008-be074e0e2575,7,
rock soap,rect,1306.154843098964,1096.957597441633,240.00000000000006,289.0000000000002,0.4594421853469157,12921d5c-a2af-80fc-8008-bf767d64546f,5fd77753-6b24-80f6-8008-c0b809236023,0,3e981c57-46d6-803d-8008-bf767bac94b0
"Baronville map and legend, Vector hairline, Red Star data",group,1884.0,1123.0,1536,930,0,5fd77753-6b24-80f6-8008-c0bea44b0734,55d6c4c7-509f-8041-8008-be074e0e2575,6,
NATOp,rect,2393.0,1123.0,1027,905.0000000000005,0,55d6c4c7-509f-8041-8008-be2ab2031471,5fd77753-6b24-80f6-8008-c0bea44b0734,0,71b39894-c9c5-81cd-8008-be2ab120deb7
Tumulus-Inverted Mountain.,rect,762.0,1133.0,169,106,0,55d6c4c7-509f-8041-8008-be0886446c55,5fd77753-6b24-80f6-8008-c0c2f5d36592,0,19c47d73-0a5d-8067-8008-be0885497950
"RED STAR FORWARDING & LOGISTICS
Antwerp, Belgium
SITE AREA      +200 ha
STORAGE        25,000 m²
BUNKERS        137
CAPACITY       45 t NEQ / bunker",text,1892.0,1154.0,264,101,0,ecd800e3-6a1f-8064-8008-bff292286dbf,5fd77753-6b24-80f6-8008-c0bea44b0734,0,
"This red glass piece is our measure of time. The person who has found it should preserve this and treat it as evidence of a time in which stained glass was common, in abundance and not under threat.",text,168.0,1207.0000000000064,162,1.0000000000047748,0,12921d5c-a2af-80fc-8008-bf8a13121da1,5fd77753-6b24-80f6-8008-c0c12c46371c,0,
"Tiny Infiltration — Film — 2min — Moving Assembly, KOMPLOT, Brussels, 2026",text,2215.0,1262.0,243.00000000000045,24,0,55d6c4c7-509f-8041-8008-be86e09b893b,5fd77753-6b24-80f6-8008-c0bffd4f6583,0,
"Excerpt from collective narration , Constant Study Day, 2025",text,216.0,1284.0,142,6,0,12921d5c-a2af-80fc-8008-bf8ab31b16b3,5fd77753-6b24-80f6-8008-c0c12c46371c,0,
boxcut,rect,-679.0,1293.0,1548,986,0,55d6c4c7-509f-8041-8008-be3be0a7082c,5fd77753-6b24-80f6-8008-c0c375d8bfd2,0,7eed092c-bad6-802e-8008-be3be023fa65
Xhignesse-church_details-text,group,2181.999999999999,1301.0,184.0000000000009,73,0,5fd77753-6b24-80f6-8008-c0bfbbdafd5b,55d6c4c7-509f-8041-8008-be074e0e2575,4,
IMG_1609,rect,2268.0,1301.0,37,28,0,55d6c4c7-509f-8041-8008-be592058becc,5fd77753-6b24-80f6-8008-c0bfbbdafd5b,0,3e981c57-46d6-803d-8008-be591e4411ac
"AUDIOTOUR  is a semi-live performance written in multiple voices and broadcasted live via Signal (with Chloé Janssens and Amy Pickles at Constant). It was performed on site during Down — Dwars — Delà Residency in Bassenge and later adapted to the site of SEE U, former federal pol",text,1619.0,1306.0,114,42,0,ecd800e3-6a1f-8064-8008-c08fca0eaf58,5fd77753-6b24-80f6-8008-c0b809236023,0,
IMG_1610 (1),rect,2324.0,1311.0,42,56,0,12921d5c-a2af-80fc-8008-bf825c115d04,5fd77753-6b24-80f6-8008-c0bfbbdafd5b,0,3e981c57-46d6-803d-8008-bf8259f4b2bd
Minimalist Black Church Silhouette,rect,2181.999999999999,1327.0,70,47,0,12921d5c-a2af-80fc-8008-bf856854e46e,5fd77753-6b24-80f6-8008-c0bfbbdafd5b,0,7eed092c-bad6-802e-8008-bf856788a480
installation of perfomance debris ,text,1795.0,1358.0,30,3,0,ecd800e3-6a1f-8064-8008-c08c22be322d,5fd77753-6b24-80f6-8008-c0b809236023,0,
"Après le pique-nique, 
Oil on canvas 2m95x1m85, detailed views.
Xhignesse, Belgium. 2026",text,2249.9999999999995,1360.0,68,7,0,55d6c4c7-509f-8041-8008-be87318110ab,5fd77753-6b24-80f6-8008-c0bfbbdafd5b,0,
Unfolding_DDD_image_2,rect,1795.0,1361.0,44,31,0,55d6c4c7-509f-8041-8008-be5d24b60498,5fd77753-6b24-80f6-8008-c0b809236023,0,3e981c57-46d6-803d-8008-be5d246965c1
"soap rocks — gift, Audiotour SEE U, Brussels, 2021",text,1473.0,1367.0,250,14,0,12921d5c-a2af-80fc-8008-bf76bce8321b,5fd77753-6b24-80f6-8008-c0b809236023,0,
TRANSOBJECTSketch2,rect,2081.0,1391.0,224,168,0,5fd77753-6b24-80f6-8008-c0a32c049183,55d6c4c7-509f-8041-8008-be074e0e2575,0,fd558256-f8c8-8184-8008-c0a32812f17b
"AUDIOTOUR, SEE U, Brussels, 2021",text,1559.0,1395.0,199,15,0,12921d5c-a2af-80fc-8008-bf770b010827,5fd77753-6b24-80f6-8008-c0b809236023,0,
Unfolding_DDD_image_1,rect,1558.0,1415.0,209,145,0,55d6c4c7-509f-8041-8008-be5cf9793c17,5fd77753-6b24-80f6-8008-c0b809236023,0,7eed092c-bad6-802e-8008-be5cf917534b
TRANSOBJECTsketch4,rect,1931.0000000000005,1476.9999999999995,109.99999999999909,83.00000000000045,0,5fd77753-6b24-80f6-8008-c0abe0178b4b,55d6c4c7-509f-8041-8008-be074e0e2575,0,91396aad-60c8-808b-8008-c0abdd0976da
TRANSOBJECTsketch3,rect,2205.0,1488.0,382,286,0,5fd77753-6b24-80f6-8008-c0a81dbbff15,55d6c4c7-509f-8041-8008-be074e0e2575,0,fd558256-f8c8-8184-8008-c0a81a7fadf2
TRANSOBJECTsketch1,rect,1671.0000000000002,1511.0,578.9999999999995,434,0,c2f2956a-14bb-80b9-8008-c0a04f4eb410,55d6c4c7-509f-8041-8008-be074e0e2575,0,91396aad-60c8-808b-8008-c0a04c34b67e
"SKETCHES FOR A SONIC TRANSOBJECT
local geology / hydrology / Fontaine des Suzias / hollowed bunker volumes
Ardennes, 2026",text,2035.0,1549.0,350,45,0,12921d5c-a2af-80fc-8008-bf798a7f9327,55d6c4c7-509f-8041-8008-be074e0e2575,0,
Filmscreening and Waste is the Day plus publication,group,1006.0,1610.0,524,221,0,5fd77753-6b24-80f6-8008-c0c3d34d9115,55d6c4c7-509f-8041-8008-be074e0e2575,8,
collectivedrawingconstantbox,rect,1104.0,1610.0,142,83,0,55d6c4c7-509f-8041-8008-be469005ad6f,5fd77753-6b24-80f6-8008-c0c3d34d9115,0,3e981c57-46d6-803d-8008-be468f06cb02
Abstract Folded Map Collage,rect,153.0,1613.0,1996,788,0,55d6c4c7-509f-8041-8008-be3ee0f0b187,5fd77753-6b24-80f6-8008-c0c375d8bfd2,0,3e981c57-46d6-803d-8008-be3ee03162f9
flyerconstanta2-82dd7-1-2160x,rect,1291.0,1631.0,32,46,0,12921d5c-a2af-80fc-8008-bf81d9090bcd,5fd77753-6b24-80f6-8008-c0c3d34d9115,0,3e981c57-46d6-803d-8008-bf81d8d27785
bloambak,rect,1843.0,1662.0,966.9999999999995,442,0,55d6c4c7-509f-8041-8008-be1c33026b47,5fd77753-6b24-80f6-8008-c0be6550ec18,0,19c47d73-0a5d-8067-8008-be1c3275aba2
"Bunker reconstruction (flowerpot, text and image interior bunker (small)",group,1843.0,1662.0,1181.0000000000005,532,0,5fd77753-6b24-80f6-8008-c0be6550ec18,55d6c4c7-509f-8041-8008-be074e0e2575,3,
"zinelaunch at  iMAL, Brussels, 2026",text,1325.0,1673.0,79,6,0,12921d5c-a2af-80fc-8008-bf898c6c5542,5fd77753-6b24-80f6-8008-c0c3d34d9115,0,
"WASTE IS THE SPACE, CONSTANT STUDY DAY, BRUSSELS, 2025",text,1094.0,1700.0,373,14,0,cffa90e9-e4a2-8051-8008-bea80e82366f,5fd77753-6b24-80f6-8008-c0c3d34d9115,0,
Screenshot 2026-10-05 at 10.07.42,rect,1006.0,1717.0,94,53,0,55d6c4c7-509f-8041-8008-be4513d46d58,5fd77753-6b24-80f6-8008-c0c3d34d9115,0,3e981c57-46d6-803d-8008-be4511c5f514
"HOGE BERGEN — speculative narration, samples, collective mapping exercise",text,1119.0,1739.0,411,14,0,cffa90e9-e4a2-8051-8008-bea850508d64,5fd77753-6b24-80f6-8008-c0c3d34d9115,0,
"Compacities — film — 5'59"" 
Screened during Level  5 Homescreen, 2025 and Volxem 25, Brussels",text,1006.0,1774.0,94,18,0,cffa90e9-e4a2-8051-8008-bea8f59d64c5,5fd77753-6b24-80f6-8008-c0c3d34d9115,0,
Constant presentation HB,rect,1199.0,1776.0,41,55,0,55d6c4c7-509f-8041-8008-be55f8d5125c,5fd77753-6b24-80f6-8008-c0c3d34d9115,0,7eed092c-bad6-802e-8008-be55f7061ea8
COMPACITIES,text,818.0,1916.0,370,58,0,cffa90e9-e4a2-8051-8008-bea88ee2c157,5fd77753-6b24-80f6-8008-c0c375d8bfd2,0,
"ancienne base de Baronville, OSM maps",text,2961.0,2018.0,194,11,0,ecd800e3-6a1f-8064-8008-c08f64e52142,5fd77753-6b24-80f6-8008-c0bea44b0734,0,
"interior bunker volume is apprehended through avaiailable information, scaled, modeled, and translated into different materials: metallurgic slag casts, moulds of various sizes, soft materials, floating materials... ",text,2558.0,2049.0,229,95,0,cffa90e9-e4a2-8051-8008-bea9a586a9da,5fd77753-6b24-80f6-8008-c0be6550ec18,0,
bunkerinterior,rect,2827.0,2085.0,197.00000000000045,109,0,ecd800e3-6a1f-8064-8008-c09bae22ffec,5fd77753-6b24-80f6-8008-c0be6550ec18,0,91396aad-60c8-808b-8008-c09babb7b673
"OLIVIA JORET
High Mountains Archive and selected works
2021–2026
email / website",text,10.0,2167.0,290,72,0,12921d5c-a2af-80fc-8008-bf86795a5088,55d6c4c7-509f-8041-8008-be074e0e2575,0,
svg-path,path,,,,,340.06558258264454,ecd800e3-6a1f-8064-8008-bfea9bacac93,ecd800e3-6a1f-8064-8008-bfea9baabad7,0,
